Title,Price,Condition,Link
Kingdom Hearts 3 (PS4),No price available,,https://www.amazon.co.uk/Square-Enix-5050013392857-Kingdom-Hearts/dp/B00ZGCGV6E/ref=sr_1_2?dib=eyJ2IjoiMSJ9.v1JdF1Kcm365_ya_fC7XbkAGiyQSb4mhwp8-xbw20StalJQIurqIhFjoyBEw7im-UbTM8ouyWUcCF4wexCDEfqNJdn-3Naher-Cqq6NqCKm6UkUuhS1jG-6kHbHPaz7v0XyRG3cHnyXqcsmkC1LKQmSnMPn2LKsJCFXqUjg27Cz5gtlZ56hDJkMLgZM2ObN8ZPsx3sP_wDQTW7Xh3yvVyTVmVuXz_Ws4cG8BMG_5z7Q.2MakGozSTR3o9Y3xftO14URd5nml07FooAwcYKknwJ8&dib_tag=se&keywords=kh3+ps4&nsdOptOutParam=true&qid=1728829416&refinements=p_n_condition-type%3A12319067031&sr=8-2
Kingdom Hearts: Melody Of Memory (PS4),No price available,,https://www.amazon.co.uk/Kingdom-Hearts-Melody-Memory-PS4/dp/B08GYTC39V/ref=sr_1_3?dib=eyJ2IjoiMSJ9.v1JdF1Kcm365_ya_fC7XbkAGiyQSb4mhwp8-xbw20StalJQIurqIhFjoyBEw7im-UbTM8ouyWUcCF4wexCDEfqNJdn-3Naher-Cqq6NqCKm6UkUuhS1jG-6kHbHPaz7v0XyRG3cHnyXqcsmkC1LKQmSnMPn2LKsJCFXqUjg27Cz5gtlZ56hDJkMLgZM2ObN8ZPsx3sP_wDQTW7Xh3yvVyTVmVuXz_Ws4cG8BMG_5z7Q.2MakGozSTR3o9Y3xftO14URd5nml07FooAwcYKknwJ8&dib_tag=se&keywords=kh3+ps4&nsdOptOutParam=true&qid=1728829416&refinements=p_n_condition-type%3A12319067031&sr=8-3
Tormented Souls PS4 (PS4),No price available,,https://www.amazon.co.uk/pqube-FG-TORM-PS4-EFIGS-Tormented-Souls-PS4/dp/B09B2KGQCB/ref=sr_1_6?dib=eyJ2IjoiMSJ9.v1JdF1Kcm365_ya_fC7XbkAGiyQSb4mhwp8-xbw20StalJQIurqIhFjoyBEw7im-UbTM8ouyWUcCF4wexCDEfqNJdn-3Naher-Cqq6NqCKm6UkUuhS1jG-6kHbHPaz7v0XyRG3cHnyXqcsmkC1LKQmSnMPn2LKsJCFXqUjg27Cz5gtlZ56hDJkMLgZM2ObN8ZPsx3sP_wDQTW7Xh3yvVyTVmVuXz_Ws4cG8BMG_5z7Q.2MakGozSTR3o9Y3xftO14URd5nml07FooAwcYKknwJ8&dib_tag=se&keywords=kh3+ps4&nsdOptOutParam=true&qid=1728829416&refinements=p_n_condition-type%3A12319067031&sr=8-6
Kingdom Hearts 3 III Cup Coaster / Beer Mat for PS4 - Xbox One Gamers KH3 Style,£4.25,Brand new,https://www.ebay.co.uk/itm/113557334839?_skw=kh3+ps4&hash=item1a708b6b37%3Ag%3AZXcAAOSw%7EslcPL8-&itmprp=enc%3AAQAJAAAA4HoV3kP08IDx%2BKZ9MfhVJKmURQV5Zd8l0DT8dKpZ42nvD13PwYGTnurxCBOvHKUYx2ctx8RkTg9hOoGKzXm2Bw0J17b4%2B91nKIilzmrta8uPyeLkbNEYLbv9o0V8HuMaygQXvWUvdCkxdP73CO8exROP%2BomYzGq2y07GLrLX1ya2u4T0p6taCz1t%2BoNKL7SoY58UK8O6fvJT3E3HtGvgTIJptj5VrxMxhkworfpaqtSs7bvzElHGJuSW2n862rfx0u1FCVrKQP06z9gs%2BHYCJunBDgu4wZf7GGo8VTZcBqeO%7Ctkp%3ABk9SR7D0nOTQZA&LH_BIN=1&LH_ItemCondition=new
Kingdom Hearts III 3 Deluxe Edition PS4 XBOX ONE Artbook Art Book HC *ONLY* KH3,£7.34,Brand new,https://www.ebay.co.uk/itm/265868296964?_skw=kh3+ps4&hash=item3de6fc4304%3Ag%3AWisAAOSwVAtcS3EA&itmprp=enc%3AAQAJAAAAwHoV3kP08IDx%2BKZ9MfhVJKnhZjHcJjfMTzTLG16cWluTVZfZGMooidc6UDBDW6ohGnRV%2FchEzsaL0cTCANy9iYPqePlk7ZxwI83XgnEAZXHF6wUwKQrC4iL1dQIBtvIJiOLYk0yCPnlyRQzvR5b7bVeHLX6eKlWHYHlNIry2sznPrLFOxU1GNjmP3hjyread6uuahSEl7j13VEI7WaCGl1rflBSfoRQ1yKOn2DaZGfUzAmFqtzGSRU3%2FL0fflhPkoQ%3D%3D%7Ctkp%3ABk9SR7D0nOTQZA&LH_BIN=1&LH_ItemCondition=new
Kingdom Hearts III 3 Deluxe Edition PS4 XBOX ONE Artbook Art Book HC *ONLY* KH3,£7.34,New (other),https://www.ebay.co.uk/itm/295509201005?_skw=kh3+ps4&hash=item44cdb8906d%3Ag%3AWmAAAOSw5Mpj3ch2&itmprp=enc%3AAQAJAAAAwHoV3kP08IDx%2BKZ9MfhVJKmcbzxGX%2FqAqOkZNG7%2BgnbCOjJ1YOttQNpVcRr0Mx%2Fg9WgkLModLYeVhk19ETfTZ6VPoU0L7OKXuQFv3GeuU63Mz%2BxRQk%2F0v7OvQk6RVrk0oI%2FqrsqlVanlSBsJXMLlUPdwRmWwr79jpj8qQZw6kzp6YFQuzAaFxxa9GjNwFitY2PMZZYwcbFpQI4nGpLp%2Fd4rBEyr4ExFJ6cuqCsrJVw5xT%2FSpy2Buemh2HWZRgYJzAA%3D%3D%7Ctkp%3ABk9SR7D0nOTQZA&LH_BIN=1&LH_ItemCondition=new
PS4 Kingdom Hearts III 3 [Korean Version] Chinese,£9.09,Brand new,https://www.ebay.co.uk/itm/155529886337?_skw=kh3+ps4&hash=item24364dba81%3Ag%3AYdEAAOSwQAJkTciO&itmprp=enc%3AAQAJAAAA4HoV3kP08IDx%2BKZ9MfhVJKlJBgm6VngTsMJfzS4hyi7i0DHJQ6nOkM1RB8MGreNt6fFXD4%2F2B8QU%2FBc2W6v2oAcpZ7U5RAfnSn2ZbboxxZ27Ak%2B7TXQCpPKTBbszgyrNtwEmViEJHuPbZl2DAv%2BGhY8tTqva7Vu74CwR09g3G2INdxfbFfU89O3hMOLpU9ogUV4EojrPNWi%2FSsOuLWT5Sv4tGpB8cB%2F5pws0VxBvuz55wSzrDAfAzB%2Fs8Vnw4ZocF%2Fyth2yC8nH6e05ju1l4Dmq%2Fw40aSoRrUyAUoRnNOm7C%7Ctkp%3ABk9SR870nOTQZA&LH_BIN=1&LH_ItemCondition=new
Playstation 4 PS4 Game Art Video Game Keychain | Chain | Pendant (Front & Back),£9.17,Brand new,https://www.ebay.co.uk/itm/296554728640?_skw=kh3+ps4&hash=item450c0a0cc0%3Ag%3An0oAAOSwbLtmi4uq&itmprp=enc%3AAQAJAAAA4HoV3kP08IDx%2BKZ9MfhVJKknnI%2FzSASwBLbQD6UtsF90wHVEbXZ05c5S2a6v68xEzBPTz9xAnKCiIfzeLMU7tAyDKO0MSUX9XUKd%2Fn58DhXulqYGC64gQYSxJI%2BqaX15Rj6EvzZCU71COQiJ7k2sLO%2BclaRWM5wkWlkQI6Dj8cWtWpknig242oC9B5AyBTMIvpLBQN5m%2Fih%2F2xu7aPfy3PzazvK6ji55LVZvD4UKOy4AaaWn3TpLt19iaSIhL3p4PK38m2%2BBr%2FPBK9cm5hFCV1M2AFa6bSvoGrcXZ%2BDoRVd2%7Ctkp%3ABk9SR7D0nOTQZA&var=594457388340&LH_BIN=1&LH_ItemCondition=new
Kingdom Hearts III 3 (PS4 PlayStation 4) New Sealed ,£9.18,Brand new,https://www.ebay.co.uk/itm/205012763314?_skw=kh3+ps4&hash=item2fbbb682b2%3Ag%3AucYAAOSw%7E1Fm9L2S&itmprp=enc%3AAQAJAAAA4HoV3kP08IDx%2BKZ9MfhVJKlLoRsgWc3Pkan%2B0Qws5mU3luVWIojPN4kVWRaJtQF2v8WrgJKF%2FVFQYnBdVIj2PtggkYv%2F5TxgLTlDM3jZgnVTjdCR8VVppSAN%2BHHNQVdIigXCID8Eb3Yqe8xQj8kj22HQ5LZ%2FgmgDncK6PrduVT%2BHWtTkvuhj37ljrIx%2FHvXRJrWz%2Ff4m%2B24G44Qd6cJPXQi3OGriOPRvlcNghr8fVh6%2Fdl4XCDG77G1WGQyl7HM91gSQf5IDAE%2FXrSiAA2n81jgQ5Utd3Qme43vtWwupS%2F86%7Ctkp%3ABk9SR9D0nOTQZA&LH_BIN=1&LH_ItemCondition=new
Far Cry New Dawn (PS4) (PS4),9.99,,https://www.amazon.co.uk/Far-Cry-New-Dawn-PS4/dp/B07P8JCSGQ/ref=sr_1_10?dib=eyJ2IjoiMSJ9.v1JdF1Kcm365_ya_fC7XbkAGiyQSb4mhwp8-xbw20StalJQIurqIhFjoyBEw7im-UbTM8ouyWUcCF4wexCDEfqNJdn-3Naher-Cqq6NqCKm6UkUuhS1jG-6kHbHPaz7v0XyRG3cHnyXqcsmkC1LKQmSnMPn2LKsJCFXqUjg27Cz5gtlZ56hDJkMLgZM2ObN8ZPsx3sP_wDQTW7Xh3yvVyTVmVuXz_Ws4cG8BMG_5z7Q.2MakGozSTR3o9Y3xftO14URd5nml07FooAwcYKknwJ8&dib_tag=se&keywords=kh3+ps4&nsdOptOutParam=true&qid=1728829416&refinements=p_n_condition-type%3A12319067031&sr=8-10
Zengeon PS4 (PS4),10.18,,https://www.amazon.co.uk/pqube-FG-ZENG-PS4-EFIGS-Zengeon-PS4/dp/B08CYMF2KM/ref=sr_1_9?dib=eyJ2IjoiMSJ9.v1JdF1Kcm365_ya_fC7XbkAGiyQSb4mhwp8-xbw20StalJQIurqIhFjoyBEw7im-UbTM8ouyWUcCF4wexCDEfqNJdn-3Naher-Cqq6NqCKm6UkUuhS1jG-6kHbHPaz7v0XyRG3cHnyXqcsmkC1LKQmSnMPn2LKsJCFXqUjg27Cz5gtlZ56hDJkMLgZM2ObN8ZPsx3sP_wDQTW7Xh3yvVyTVmVuXz_Ws4cG8BMG_5z7Q.2MakGozSTR3o9Y3xftO14URd5nml07FooAwcYKknwJ8&dib_tag=se&keywords=kh3+ps4&nsdOptOutParam=true&qid=1728829416&refinements=p_n_condition-type%3A12319067031&sr=8-9
Kingdom Hearts 3 KH3 PS4 (new sealed),£13.77,Brand new,https://www.ebay.co.uk/itm/285400130261?_skw=kh3+ps4&hash=item42732c62d5%3Ag%3AseEAAOSwCHxkv3TY&itmprp=enc%3AAQAJAAAAwHoV3kP08IDx%2BKZ9MfhVJKkAmT2ryCVNOEBMILjFsn2Tqno3%2F7%2Bei5swtXIynK1m74GQw5krTlc935t3u8030Uwy4NmvrOfM2vjDhSWUZm1a8EBvhHPRaJ6kJWztjANO7DayVewnKFZdThBVemT5QwgKvtc22TsXH%2FwMfMvcUnAb6W6tu8Nh37%2FoDXhtl03HcvXN8ArAPUjj3V92NZlivEy7%2BCbgOSduOer4MOOODjqtKx%2BtndXj9MVBsCPzldIOCw%3D%3D%7Ctkp%3ABk9SR870nOTQZA&LH_BIN=1&LH_ItemCondition=new
Kingdom Hearts HD 2.8 (PS4),14.65,,https://www.amazon.co.uk/Kingdom-Hearts-Final-Chapter-Prologue/dp/B01CFNIMW2/ref=sr_1_8?dib=eyJ2IjoiMSJ9.v1JdF1Kcm365_ya_fC7XbkAGiyQSb4mhwp8-xbw20StalJQIurqIhFjoyBEw7im-UbTM8ouyWUcCF4wexCDEfqNJdn-3Naher-Cqq6NqCKm6UkUuhS1jG-6kHbHPaz7v0XyRG3cHnyXqcsmkC1LKQmSnMPn2LKsJCFXqUjg27Cz5gtlZ56hDJkMLgZM2ObN8ZPsx3sP_wDQTW7Xh3yvVyTVmVuXz_Ws4cG8BMG_5z7Q.2MakGozSTR3o9Y3xftO14URd5nml07FooAwcYKknwJ8&dib_tag=se&keywords=kh3+ps4&nsdOptOutParam=true&qid=1728829416&refinements=p_n_condition-type%3A12319067031&sr=8-8
LittleBigPlanet 3 (PS4) - PlayStation Hits (PS4),14.95,,https://www.amazon.co.uk/LittleBigPlanet-PS4-PlayStation-Hits/dp/B07DQW62W2/ref=sr_1_7?dib=eyJ2IjoiMSJ9.v1JdF1Kcm365_ya_fC7XbkAGiyQSb4mhwp8-xbw20StalJQIurqIhFjoyBEw7im-UbTM8ouyWUcCF4wexCDEfqNJdn-3Naher-Cqq6NqCKm6UkUuhS1jG-6kHbHPaz7v0XyRG3cHnyXqcsmkC1LKQmSnMPn2LKsJCFXqUjg27Cz5gtlZ56hDJkMLgZM2ObN8ZPsx3sP_wDQTW7Xh3yvVyTVmVuXz_Ws4cG8BMG_5z7Q.2MakGozSTR3o9Y3xftO14URd5nml07FooAwcYKknwJ8&dib_tag=se&keywords=kh3+ps4&nsdOptOutParam=true&qid=1728829416&refinements=p_n_condition-type%3A12319067031&sr=8-7
Kingdom Hearts 3 PS4 Game Inspired Ceramic Mug and Plastic Coaster Set KH3 ,£14.95,New (other),https://www.ebay.co.uk/itm/114073529763?_skw=kh3+ps4&hash=item1a8f4feda3%3Ag%3A554AAOSwt-BeI6VA&itmprp=enc%3AAQAJAAAAwHoV3kP08IDx%2BKZ9MfhVJKkF3Od6YLAZix91N9JTqYb5h5K535EtKiOlVfTSHioq939STqe6kcdczKVWV9JSBQsqVRrHstZ3fEBs0YbUtXJw9j%2BdhbjdHqWIn%2BZFyE442msetoJF9Hv2kgAeZXeqruu1RfVo4bY6HB3SH5KqEWGxSs6Ts2S7MRWa4%2BL2Fn0v1JsItZxZHVV4IlJG06XR9Gd%2Frg039SiBr42D79ZglERBa8zbNWOB2uPSGIdQ%2B2XkJw%3D%3D%7Ctkp%3ABk9SR7D0nOTQZA&LH_BIN=1&LH_ItemCondition=new
Kingdom Hearts HD 1.5/2.5 Remix (PS4),16.50,,https://www.amazon.co.uk/Kingdom-Hearts-1-5-2-5-Remix/dp/B01MFFGRVP/ref=sr_1_4?dib=eyJ2IjoiMSJ9.v1JdF1Kcm365_ya_fC7XbkAGiyQSb4mhwp8-xbw20StalJQIurqIhFjoyBEw7im-UbTM8ouyWUcCF4wexCDEfqNJdn-3Naher-Cqq6NqCKm6UkUuhS1jG-6kHbHPaz7v0XyRG3cHnyXqcsmkC1LKQmSnMPn2LKsJCFXqUjg27Cz5gtlZ56hDJkMLgZM2ObN8ZPsx3sP_wDQTW7Xh3yvVyTVmVuXz_Ws4cG8BMG_5z7Q.2MakGozSTR3o9Y3xftO14URd5nml07FooAwcYKknwJ8&dib_tag=se&keywords=kh3+ps4&nsdOptOutParam=true&qid=1728829416&refinements=p_n_condition-type%3A12319067031&sr=8-4
Kingdom Hearts III 3 KH3 Sony PlayStation 4 PS4 New Game,£18.36,Brand new,https://www.ebay.co.uk/itm/226130122066?_skw=kh3+ps4&hash=item34a667d552%3Ag%3AJ8YAAOSwiKFmN5we&itmprp=enc%3AAQAJAAAA4HoV3kP08IDx%2BKZ9MfhVJKkrhBwoXmm8ZibXtQd89plJWLsaVlDH2HEAMjcOnQzJt51NAFCVX210lwfF9QAYTcj1DHkJ3VWGWFQq%2FbhtWzSY0GGzj3DfJ1asCiZ%2F2e5KqyuLakzUcGtw9zS52o6cLb2SLb3ozLusLAxOiKU4YvPjCyXAqjMwkmGreacz%2BW5YCt%2F7IUan7I5RyWxfO%2FdzH1xbzXUnWI6rbOZbvjzaaKB0UYFKw0jZno9rhClp2cSnjdltQwpgcfAeLcOJJhOAteVWM3FoATjR3501eFcD7YSH%7Ctkp%3ABk9SR870nOTQZA&LH_BIN=1&LH_ItemCondition=new
Kingdom Hearts: The Story so far (PS4),19.41,,https://www.amazon.co.uk/Kingdom-Hearts-Story-far-PS4/dp/B07P7H2W4Q/ref=sr_1_5?dib=eyJ2IjoiMSJ9.v1JdF1Kcm365_ya_fC7XbkAGiyQSb4mhwp8-xbw20StalJQIurqIhFjoyBEw7im-UbTM8ouyWUcCF4wexCDEfqNJdn-3Naher-Cqq6NqCKm6UkUuhS1jG-6kHbHPaz7v0XyRG3cHnyXqcsmkC1LKQmSnMPn2LKsJCFXqUjg27Cz5gtlZ56hDJkMLgZM2ObN8ZPsx3sP_wDQTW7Xh3yvVyTVmVuXz_Ws4cG8BMG_5z7Q.2MakGozSTR3o9Y3xftO14URd5nml07FooAwcYKknwJ8&dib_tag=se&keywords=kh3+ps4&nsdOptOutParam=true&qid=1728829416&refinements=p_n_condition-type%3A12319067031&sr=8-5
Kingdom Hearts 3 Deluxe Edition (PS4)(see Description),£32.12,New (other),https://www.ebay.co.uk/itm/166846384466?_skw=kh3+ps4&hash=item26d8d1c952%3Ag%3A4XoAAOSw-3Bmf7H3&itmprp=enc%3AAQAJAAAA4HoV3kP08IDx%2BKZ9MfhVJKmILXU8gibQrAOsqba44spqfxpsLOvCw%2BKgP8kab2bT6eIFZvKy3cpQVPcnrVW7%2Fl7KSy84zbHjOQIOb1UiKWd7sqNn%2BupDbt5tcjGWTPCKIiq9FYxny%2FS5BuwM9YB2b8D0mZ5WHJVh8zlKYG3DIyJ24d7I7LMcUpVZS8Wm%2BAql68DRb74Qu7fUvrPHpy94Gc8qhMftUYBzcd%2B7kLE1XB5RphfTIRt4PL5JlbMGmzGedIXr13SNvjpVO6tyLAgXX2NT8ULzKNmhuPXj%2Fh0T1La%2F%7Ctkp%3ABk9SR7D0nOTQZA&LH_BIN=1&LH_ItemCondition=new
Kingdom Hearts 3 Deluxe Edition (PS4),50.21,,https://www.amazon.co.uk/Kingdom-Hearts-3-Deluxe-PS4/dp/B07DPW42SH/ref=sr_1_1?dib=eyJ2IjoiMSJ9.v1JdF1Kcm365_ya_fC7XbkAGiyQSb4mhwp8-xbw20StalJQIurqIhFjoyBEw7im-UbTM8ouyWUcCF4wexCDEfqNJdn-3Naher-Cqq6NqCKm6UkUuhS1jG-6kHbHPaz7v0XyRG3cHnyXqcsmkC1LKQmSnMPn2LKsJCFXqUjg27Cz5gtlZ56hDJkMLgZM2ObN8ZPsx3sP_wDQTW7Xh3yvVyTVmVuXz_Ws4cG8BMG_5z7Q.2MakGozSTR3o9Y3xftO14URd5nml07FooAwcYKknwJ8&dib_tag=se&keywords=kh3+ps4&nsdOptOutParam=true&qid=1728829416&refinements=p_n_condition-type%3A12319067031&sr=8-1
